<application>
  <component name="libraryTable">
    <library name="Python 3.5.2 virtualenv at ~/.virtualenvs/pyspark interpreter library">
      <CLASSES>
        <root url="file://$USER_HOME$/.virtualenvs/pyspark/lib/python3.5" />
        <root url="file://$USER_HOME$/.virtualenvs/pyspark/lib/python3.5/plat-linux" />
        <root url="file://$USER_HOME$/.virtualenvs/pyspark/lib/python3.5/lib-dynload" />
        <root url="file:///usr/lib64/python3.5" />
        <root url="file:///usr/lib/python3.5" />
        <root url="file:///usr/lib/python3.5/plat-linux" />
        <root url="file://$USER_HOME$/.virtualenvs/pyspark/lib/python3.5/site-packages" />
        <root url="file:///usr/lib/python3.5/site-packages" />
        <root url="file://$USER_HOME$/.IdeaIC2016.2/system/python_stubs/466035778" />
        <root url="file://$APPLICATION_PLUGINS_DIR$/python/helpers/python-skeletons" />
      </CLASSES>
      <JAVADOC />
      <SOURCES>
        <root url="file://$USER_HOME$/.virtualenvs/pyspark/lib/python3.5" />
        <root url="file://$USER_HOME$/.virtualenvs/pyspark/lib/python3.5/plat-linux" />
        <root url="file://$USER_HOME$/.virtualenvs/pyspark/lib/python3.5/lib-dynload" />
        <root url="file:///usr/lib64/python3.5" />
        <root url="file:///usr/lib/python3.5" />
        <root url="file:///usr/lib/python3.5/plat-linux" />
        <root url="file://$USER_HOME$/.virtualenvs/pyspark/lib/python3.5/site-packages" />
        <root url="file:///usr/lib/python3.5/site-packages" />
        <root url="file://$USER_HOME$/.IdeaIC2016.2/system/python_stubs/466035778" />
        <root url="file://$APPLICATION_PLUGINS_DIR$/python/helpers/python-skeletons" />
      </SOURCES>
    </library>
    <library name="scala-sdk-2.11.12" type="Scala">
      <properties>
        <compiler-classpath>
          <root url="file://$USER_HOME$/.ivy2/cache/org.scala-lang/scala-library/jars/scala-library-2.11.12.jar" />
          <root url="file://$USER_HOME$/.ivy2/cache/org.scala-lang/scala-reflect/jars/scala-reflect-2.11.12.jar" />
          <root url="file://$USER_HOME$/.ivy2/cache/org.scala-lang/scala-compiler/jars/scala-compiler-2.11.12.jar" />
        </compiler-classpath>
      </properties>
      <CLASSES>
        <root url="jar://$USER_HOME$/.ivy2/cache/org.scala-lang/scala-library/jars/scala-library-2.11.12.jar!/" />
        <root url="jar://$USER_HOME$/.ivy2/cache/org.scala-lang/scala-reflect/jars/scala-reflect-2.11.12.jar!/" />
        <root url="jar://$USER_HOME$/.ivy2/cache/org.scala-lang/scala-library/srcs/scala-library-2.11.12-sources.jar!/" />
        <root url="jar://$USER_HOME$/.ivy2/cache/org.scala-lang/scala-reflect/srcs/scala-reflect-2.11.12-sources.jar!/" />
      </CLASSES>
      <JAVADOC>
        <root url="jar://$USER_HOME$/.ivy2/cache/org.scala-lang/scala-library/docs/scala-library-2.11.12-javadoc.jar!/" />
        <root url="jar://$USER_HOME$/.ivy2/cache/org.scala-lang/scala-reflect/docs/scala-reflect-2.11.12-javadoc.jar!/" />
      </JAVADOC>
      <SOURCES />
    </library>
  </component>
</application>