<application>
  <component name="CodeInsightSettings">
    <option name="SHOW_FULL_SIGNATURES_IN_PARAMETER_INFO" value="true" />
    <option name="INDENT_TO_CARET_ON_PASTE" value="true" />
    <option name="OPTIMIZE_IMPORTS_ON_THE_FLY" value="true" />
    <option name="ADD_UNAMBIGIOUS_IMPORTS_ON_THE_FLY" value="true" />
  </component>
  <component name="DaemonCodeAnalyzerSettings">
    <option name="ERROR_STRIPE_MARK_MIN_HEIGHT" value="3" />
  </component>
  <component name="DefaultFont">
    <option name="FONT_SIZE" value="10" />
  </component>
  <component name="EditorSettings">
    <option name="USE_SOFT_WRAPS" value="CONSOLE" />
    <option name="STRIP_TRAILING_SPACES" value="Whole" />
    <option name="IS_CARET_BLINKING" value="false" />
    <option name="SHOW_BREADCRUMBS" value="false" />
    <option name="IS_WHITESPACES_SHOWN" value="true" />
    <option name="IS_LEADING_WHITESPACES_SHOWN" value="false" />
    <option name="IS_INNER_WHITESPACES_SHOWN" value="false" />
    <option name="IS_INDENT_GUIDES_SHOWN" value="false" />
  </component>
  <component name="JavaCodeFoldingSettings">
    <option name="collapseOneLineMethods" value="false" />
  </component>
  <component name="XmlEditorOptions">
    <option name="showCssInlineColorPreview" value="true" />
  </component>
</application>