<application>
  <component name="ProjectJdkTable">
    <jdk version="2">
      <name value="1.8" />
      <type value="JavaSDK" />
      <version value="java version &quot;1.8.0_112&quot;" />
      <homePath value="/usr/lib/jvm/default" />
      <roots>
        <annotationsPath>
          <root type="composite">
            <root url="jar://$APPLICATION_HOME_DIR$/lib/jdkAnnotations.jar!/" type="simple" />
          </root>
        </annotationsPath>
        <classPath>
          <root type="composite">
            <root url="jar:///usr/lib/jvm/default/jre/lib/charsets.jar!/" type="simple" />
            <root url="jar:///usr/lib/jvm/default/jre/lib/ext/bsh-2.0b4.jar!/" type="simple" />
            <root url="jar:///usr/lib/jvm/default/jre/lib/ext/cldrdata.jar!/" type="simple" />
            <root url="jar:///usr/lib/jvm/default/jre/lib/ext/dnsns.jar!/" type="simple" />
            <root url="jar:///usr/lib/jvm/default/jre/lib/ext/jaccess.jar!/" type="simple" />
            <root url="jar:///usr/lib/jvm/default/jre/lib/ext/localedata.jar!/" type="simple" />
            <root url="jar:///usr/lib/jvm/default/jre/lib/ext/nashorn.jar!/" type="simple" />
            <root url="jar:///usr/lib/jvm/default/jre/lib/ext/sunec.jar!/" type="simple" />
            <root url="jar:///usr/lib/jvm/default/jre/lib/ext/sunjce_provider.jar!/" type="simple" />
            <root url="jar:///usr/lib/jvm/default/jre/lib/ext/sunpkcs11.jar!/" type="simple" />
            <root url="jar:///usr/lib/jvm/default/jre/lib/ext/zipfs.jar!/" type="simple" />
            <root url="jar:///usr/lib/jvm/default/jre/lib/jce.jar!/" type="simple" />
            <root url="jar:///usr/lib/jvm/default/jre/lib/jsse.jar!/" type="simple" />
            <root url="jar:///usr/lib/jvm/default/jre/lib/management-agent.jar!/" type="simple" />
            <root url="jar:///usr/lib/jvm/default/jre/lib/resources.jar!/" type="simple" />
            <root url="jar:///usr/lib/jvm/default/jre/lib/rt.jar!/" type="simple" />
          </root>
        </classPath>
        <javadocPath>
          <root type="composite" />
        </javadocPath>
        <sourcePath>
          <root type="composite">
            <root url="jar:///usr/lib/jvm/default/src.zip!/" type="simple" />
          </root>
        </sourcePath>
      </roots>
      <additional />
    </jdk>
    <jdk version="2">
      <name value="Python 3.5.2 virtualenv at ~/.virtualenvs/pyspark" />
      <type value="Python SDK" />
      <version value="Python 3.5.2" />
      <homePath value="$USER_HOME$/.virtualenvs/pyspark/bin/python" />
      <roots>
        <annotationsPath>
          <root type="composite" />
        </annotationsPath>
        <classPath>
          <root type="composite">
            <root url="file://$USER_HOME$/.virtualenvs/pyspark/lib/python3.5" type="simple" />
            <root url="file://$USER_HOME$/.virtualenvs/pyspark/lib/python3.5/plat-linux" type="simple" />
            <root url="file://$USER_HOME$/.virtualenvs/pyspark/lib/python3.5/lib-dynload" type="simple" />
            <root url="file:///usr/lib64/python3.5" type="simple" />
            <root url="file:///usr/lib/python3.5" type="simple" />
            <root url="file:///usr/lib/python3.5/plat-linux" type="simple" />
            <root url="file://$USER_HOME$/.virtualenvs/pyspark/lib/python3.5/site-packages" type="simple" />
            <root url="file:///usr/lib/python3.5/site-packages" type="simple" />
            <root url="file://$USER_HOME$/.IdeaIC2016.2/system/python_stubs/466035778" type="simple" />
            <root url="file://$APPLICATION_PLUGINS_DIR$/python/helpers/python-skeletons" type="simple" />
          </root>
        </classPath>
        <javadocPath>
          <root type="composite" />
        </javadocPath>
        <sourcePath>
          <root type="composite" />
        </sourcePath>
      </roots>
      <additional />
    </jdk>
  </component>
</application>