<application>
  <component name="SetterTemplates">
    <option name="defaultTempalteName" value="fieldname" />
    <option name="templates">
      <list>
        <TemplateResource>
          <option name="fileName" value="fieldname" />
          <option name="template" value="#set($paramName = $helper.getParamName($field, $project))&#10;#if($field.modifierStatic)&#10;static ##&#10;#end&#10;void $StringUtil.sanitizeJavaIdentifier($helper.getPropertyName($field, $project))($field.type $paramName) {&#10;  #if ($field.name == $paramName)&#10;    #if (!$field.modifierStatic)&#10;      this.##&#10;    #else&#10;      $classname.##&#10;    #end&#10;  #end&#10;  $field.name = $paramName;&#10;}" />
        </TemplateResource>
      </list>
    </option>
  </component>
</application>