<code_scheme name="Default (1)" version="173">
  <option name="RIGHT_MARGIN" value="90" />
  <option name="WRAP_WHEN_TYPING_REACHES_RIGHT_MARGIN" value="false" />
  <option name="SOFT_MARGINS" value="90" />
  <DBN-PSQL>
    <case-options enabled="false">
      <option name="KEYWORD_CASE" value="lower" />
      <option name="FUNCTION_CASE" value="lower" />
      <option name="PARAMETER_CASE" value="lower" />
      <option name="DATATYPE_CASE" value="lower" />
      <option name="OBJECT_CASE" value="preserve" />
    </case-options>
    <formatting-settings enabled="false" />
  </DBN-PSQL>
  <DBN-SQL>
    <case-options enabled="false">
      <option name="KEYWORD_CASE" value="lower" />
      <option name="FUNCTION_CASE" value="lower" />
      <option name="PARAMETER_CASE" value="lower" />
      <option name="DATATYPE_CASE" value="lower" />
      <option name="OBJECT_CASE" value="preserve" />
    </case-options>
    <formatting-settings enabled="false">
      <option name="STATEMENT_SPACING" value="one_line" />
      <option name="CLAUSE_CHOP_DOWN" value="chop_down_if_statement_long" />
      <option name="ITERATION_ELEMENTS_WRAPPING" value="chop_down_if_not_single" />
    </formatting-settings>
  </DBN-SQL>
  <Python>
    <option name="SPACE_AROUND_POWER_OPERATOR" value="false" />
    <option name="NEW_LINE_AFTER_COLON" value="true" />
    <option name="DICT_NEW_LINE_AFTER_LEFT_BRACE" value="true" />
    <option name="DICT_NEW_LINE_BEFORE_RIGHT_BRACE" value="true" />
    <option name="OPTIMIZE_IMPORTS_SORT_NAMES_IN_FROM_IMPORTS" value="true" />
  </Python>
  <codeStyleSettings language="Python">
    <option name="WRAP_LONG_LINES" value="true" />
    <indentOptions>
      <option name="CONTINUATION_INDENT_SIZE" value="4" />
    </indentOptions>
  </codeStyleSettings>
</code_scheme>