<application>
  <component name="WindowManager">
    <frame x="0" y="20" width="1920" height="1060" />
  </component>
  <component name="WindowStateApplicationService">
    <state x="2668" y="321" width="426" height="460" key="FileChooserDialogImpl" timestamp="1726151416542">
      <screen x="1920" y="0" width="1920" height="1080" />
    </state>
    <state x="2668" y="321" width="426" height="460" key="FileChooserDialogImpl/0.0.1920.1080/1920.0.1920.1080" timestamp="1726151416542" />
  </component>
</application>